N,P,K,pH,rainfall,temperature,Area_in_hectares,State_Name,Crop_Type,Crop,Production
52.43561663863075,102.74263996276431,42.02658576772393,6.874031603385417,93.27759144605368,38.61820011793321,6.75975964266809,Maharashtra,Kharif,Rice,46.14850043853857
133.10000289738826,80.05349128817686,113.38018947567163,6.614682204593251,89.15406374015996,36.28752840222455,7.987145832194586,Tamil Nadu,Zaid,Wheat,7.52871583792819
102.47915185359672,48.333866280085886,179.58916717528166,3.666673427741832,273.75128254589026,29.22057120385621,2.57963219804574,Tamil Nadu,Rabi,Rice,15.559972259446191
83.81218778758512,118.93130275897282,151.44497728191223,5.718110879570016,89.87293595786171,43.373744313641524,6.286253586109289,Andhra Pradesh,Zaid,Rice,7.392718807408421
21.84260966194111,100.8623641575431,166.31222957228994,5.97127152210807,96.14592331601668,15.417557074550903,5.760285233123112,Uttar Pradesh,Kharif,Wheat,30.79442223299304
21.83923284706837,27.76637150828478,136.75667334214347,6.092348075829853,232.63151347702984,12.042775781455992,8.345020730203883,Karnataka,Zaid,Wheat,15.661899345933108
8.131705703547924,132.52980582913796,143.4553129035705,7.27112039997766,145.92715588615118,39.59659277735062,9.07026189876448,Maharashtra,Kharif,Rice,16.642338699372385
121.26466040849093,120.15521400924366,174.83913031306386,6.96841655372471,237.47895594745074,24.248543215448688,0.2203520376261294,Maharashtra,Zaid,Sugarcane,4.010339994654972
84.15610164404923,137.97198786086938,54.93360177183719,7.45138310315739,38.30252411802787,39.33784760566124,6.772797198682047,Uttar Pradesh,Zaid,Wheat,17.8149050594758
99.13016089144637,106.6007311743704,102.88499272862809,8.471741200023834,156.5199342285476,41.044337592230356,0.6131744112853172,Andhra Pradesh,Rabi,Maize,43.19357711637848
2.8818292014123426,90.87812743101058,49.241888363920445,8.784407301654607,29.411808051319138,10.310930963905644,5.5337007842658235,Andhra Pradesh,Kharif,Cotton,12.03710418859633
135.7873793026792,63.55402508068664,202.5336015993294,8.167799995472214,37.54289696749927,40.688196230484245,2.9475640175324145,Uttar Pradesh,Rabi,Rice,34.91177957739825
116.54196971205904,135.58198766956187,193.81186793732266,9.710904023707077,273.80248693643506,24.58780504866862,3.137088335269198,Andhra Pradesh,Kharif,Rice,31.666603074460337
29.72747549495866,126.24894453005717,12.88536227370118,3.6185117873963506,58.988703912926646,26.88600209315659,3.59428918417833,Maharashtra,Zaid,Cotton,43.24248811427121
25.455495408994086,11.330613814866517,146.11503450313768,4.772556906943049,169.0777910370608,31.18392291044878,6.25079524559114,Maharashtra,Kharif,Sugarcane,7.048253408726393
25.676631379480735,8.69137642961528,190.04966348313317,3.5491586873579237,135.10676872819784,42.27615644901321,3.407094660120815,Karnataka,Rabi,Cotton,48.89070303707964
42.59391401433528,57.704871362926944,41.11506902546671,7.70858564200492,117.25613135247595,8.707295493901269,7.353720600843776,Uttar Pradesh,Rabi,Wheat,29.340117978998094
73.4659004285133,118.4774663094566,118.5890461105259,9.337198568174916,271.9533367924363,25.643208327759233,4.104821117181309,Tamil Nadu,Rabi,Cotton,49.77597054116731
60.472302609896204,143.2186581040922,188.09765951760838,5.0826349277459455,26.110551097137062,33.44571556993074,0.7766966830685903,Tamil Nadu,Kharif,Rice,45.619978930359615
40.772079627725866,26.058364754493944,11.789195717159767,9.525724541175993,205.86111212916495,34.74015743483446,7.859222440592662,Karnataka,Rabi,Cotton,11.465104969598737
85.65940526113313,88.17830014929892,144.484053449368,3.8917380368821455,289.75044157979414,33.62369996687299,2.9290074134677897,Karnataka,Rabi,Maize,3.2800194902139985
19.529140491285858,58.324719928343015,64.46980147451015,9.573834174235843,176.84709136931573,12.974099788100508,4.3843921080327,Andhra Pradesh,Rabi,Wheat,13.154135142870397
40.90025079493054,140.78801569404445,189.8792390753061,5.785547467057624,282.3102893692657,19.077636769752203,6.885894443896825,Karnataka,Zaid,Cotton,26.614400625471283
51.29065806111684,122.89664923899922,199.21164903307354,4.159235384919907,34.63220620008666,21.272474440429498,3.391315955772249,Karnataka,Zaid,Rice,8.994020169726905
63.84979779038503,122.3660186595593,193.85329782268678,6.6581664347111165,137.26212934076517,37.76417668414169,0.6601979958524846,Tamil Nadu,Kharif,Wheat,8.789257353640432
109.9246345950219,70.61704237129584,99.84284333149276,5.169047690183302,92.84418146937432,18.314115279338463,3.801818365426855,Andhra Pradesh,Kharif,Rice,23.39838058170508
27.954329502170363,63.07473032727312,177.4085301978627,5.351673862752499,224.62987019460434,15.796083663086517,9.450040968673603,Karnataka,Rabi,Sugarcane,2.146764572883242
71.99282137790563,43.27699007029887,173.90987970701408,5.497384772020863,294.76318533922904,43.42557670440956,6.453170533255726,Karnataka,Zaid,Maize,6.533460085347388
82.93803964068594,12.892569531129796,68.82009464865112,8.719668335912313,91.82841748438939,8.32794154919835,6.747643571805348,Andhra Pradesh,Rabi,Sugarcane,21.085136300693403
6.503057780799681,126.06113267570746,170.78309483013547,7.004548298389154,203.16888841274084,44.919371660233196,6.3595933210126345,Uttar Pradesh,Rabi,Maize,3.6249305057943397
85.05627926620137,118.80614127821086,12.401526943098524,5.523500044514024,75.46733717272724,33.04238805772364,2.0700221756984245,Andhra Pradesh,Zaid,Cotton,20.139375294548703
23.873377316220814,144.96047426005828,124.2539756964106,7.467169591520969,178.29247128005076,38.65336407961733,4.241505254612573,Tamil Nadu,Zaid,Wheat,23.963310164448032
9.107223017939132,144.52915719034675,51.00176745754061,8.154979382450758,149.90109627273412,18.900917664809146,7.5343040037968505,Uttar Pradesh,Zaid,Cotton,22.837697396619163
132.84397521546666,82.76043878436784,29.113377155455762,5.272056004767969,292.1614922968304,8.52966527368122,1.1035916857762758,Maharashtra,Kharif,Maize,43.52415544145282
135.18848463043832,112.65823812527147,20.39064032584183,6.188069159914785,190.38763635501064,35.30117218677661,2.8507424832881516,Andhra Pradesh,Kharif,Maize,26.738091525060756
113.17562873630456,137.26720218353992,144.25775517562795,4.292259606690159,117.86178418430926,38.863350089025005,2.835559173811951,Tamil Nadu,Rabi,Maize,23.665032892663145
42.645927684271896,123.9506346948376,72.97499275361322,4.677470771975422,51.946819768621346,35.397616882280204,4.376987383185609,Uttar Pradesh,Kharif,Rice,20.830107646887477
13.674095960893741,39.62873424404767,149.9533543057523,7.927266050772388,62.34911204578167,13.285460630131027,9.805650535327633,Andhra Pradesh,Zaid,Wheat,40.97235722607206
95.79262371170196,68.07617894341308,18.071268159788474,4.679349260021575,83.08874038634582,35.87683312350786,0.7682752121698372,Karnataka,Zaid,Cotton,44.80530189799174
61.621349123544185,23.082318121209298,68.05806756612208,6.913561993835891,90.27066517528344,36.45014293798272,5.2351398443678905,Andhra Pradesh,Kharif,Cotton,42.73550222525732
17.085352878269035,138.56714381622112,112.89825847506745,8.108800701195811,258.1724961955186,32.36599907979203,1.8757103519208835,Maharashtra,Rabi,Sugarcane,33.840555617503846
69.32476741557782,89.86444882312321,163.14463296779272,4.194700000115835,177.14238071910697,36.34628951343669,9.709697799556468,Andhra Pradesh,Rabi,Maize,7.299406425449375
4.814392956130575,37.00999277048478,68.75050058641398,7.187529427587873,166.5494551848226,39.29909326807609,1.2217046968018956,Uttar Pradesh,Kharif,Maize,14.205063489854608
127.3048562910295,99.03809581681995,130.17827528740182,5.167658094058865,52.13528412338089,30.703352226785963,4.095649923379753,Uttar Pradesh,Rabi,Maize,2.780121652257883
36.229197424002365,91.53795366410542,182.1955496472374,9.759024689044269,260.83911413784176,11.278374416878126,7.405061349862601,Andhra Pradesh,Rabi,Cotton,46.57579171201065
92.75311980955748,55.14278052459767,128.17263763646093,6.643046703679511,222.38800489837544,26.042228957686802,7.075088837471708,Uttar Pradesh,Rabi,Sugarcane,33.209527219700064
43.639550652517535,20.898062907948063,51.591894950726754,8.738951573538529,38.94714133200044,10.873025382849388,4.285013505249929,Karnataka,Zaid,Rice,37.44496277350545
72.80952296489352,99.02024738299194,9.880156311307605,7.076472524015701,218.19382722433522,23.07909214819994,3.530589262731911,Andhra Pradesh,Zaid,Wheat,15.922801109320332
76.53943910805916,77.84307812653107,179.01977478018597,3.7821814635563245,172.1907008559409,23.062940097648223,4.036362547673419,Karnataka,Kharif,Rice,42.359849352728446
25.879623773573787,113.1245748429895,9.253882170077429,7.615483941361145,42.88309680909791,10.442364233188938,2.716335005270529,Karnataka,Zaid,Cotton,13.350362543569686
135.7418478870382,77.82289015567908,179.94033453683988,9.684121724343271,148.3241796280238,20.906359756870735,2.132796093197318,Tamil Nadu,Rabi,Maize,0.5813659770662594
108.51859527055603,124.30541004459562,110.7874268054424,7.410476830951152,155.71496039641315,12.106929655278648,4.882093005833011,Andhra Pradesh,Zaid,Wheat,19.132540644774352
131.5298518189865,82.26695742842797,192.81353970257925,8.824727586274136,66.4168712457172,37.90470277034122,2.7584841850693125,Uttar Pradesh,Kharif,Cotton,28.752693307474136
125.27582905987083,83.53131601495407,164.7566471547331,9.247342011764651,284.795481160079,43.06445696068542,2.945870482482776,Karnataka,Zaid,Cotton,24.195890469293367
83.70599703355192,127.7315043721683,204.58682210666748,4.982518517668061,257.99310401458536,10.675709584543728,6.601885028398115,Tamil Nadu,Rabi,Cotton,43.17276905754155
129.06239290323634,61.487601269735585,75.14236309034203,4.878291459403473,207.32625445215032,43.33926266979295,9.688519583828933,Andhra Pradesh,Rabi,Wheat,5.717561654830264
12.38895028726873,23.762131983089702,158.43765778622537,7.471376427531446,149.44275708017003,27.335334175459572,6.076008285537813,Andhra Pradesh,Kharif,Wheat,27.914260311369414
27.437600738680327,9.029574683867455,85.38618272184843,6.17168505374358,135.29435164366237,19.083930084293335,0.8620967239431662,Maharashtra,Zaid,Sugarcane,25.892477816134917
6.331820447475329,110.71921579430666,100.97512406078177,8.959098468633682,202.27257080226715,10.84389678521805,0.8482777771552631,Maharashtra,Zaid,Sugarcane,14.42895261752207
45.54624630685701,91.84333718948506,130.501092643674,9.350150302087073,172.72092343393354,26.52309791860546,9.519089886371104,Karnataka,Zaid,Rice,41.20029157256202
54.41482055652748,103.5711675338913,179.73542283726775,5.797238965467668,37.436469646927975,37.397075146157704,3.043178824042603,Maharashtra,Rabi,Wheat,37.76600846616921
37.988864448345424,34.8149826112475,201.81669383985903,5.039658633334133,163.50074165569288,34.162199658867834,1.011463162216507,Karnataka,Kharif,Wheat,36.776529772925635
116.0232512812701,24.092006582147768,158.65468277290364,8.573415849085102,245.79301282519506,9.85836242416703,6.030541412788777,Uttar Pradesh,Zaid,Wheat,43.87152767434302
49.9454657371025,7.03625319350347,88.55335643346675,5.2862392310628845,148.58716572714826,10.69736790861243,6.274122905073634,Karnataka,Rabi,Sugarcane,36.2778377307653
39.330831356233304,54.08225823292358,89.27140045541404,8.84699307033891,34.547841715195155,22.906311457407575,6.5201977191750125,Maharashtra,Rabi,Cotton,11.976143939878959
75.97745164215479,87.58847615964864,152.5164603177783,6.254298648716958,240.15789582752927,18.9257482797739,2.747280075789659,Uttar Pradesh,Rabi,Maize,35.42535422665971
19.72939149646677,59.914166313962525,52.755429153660465,7.839074345394558,76.38185899807283,16.59821995307377,0.24959577372330286,Maharashtra,Zaid,Sugarcane,15.73128926279727
112.30757730556556,66.24648908332207,27.094822626278933,4.120979539925343,92.41383376865086,18.397166459622404,9.653652157599272,Karnataka,Zaid,Wheat,12.487645192199793
10.437090115167916,131.58221722912478,75.92443152815531,7.555085610397724,66.11777896104286,37.72886150198473,2.5838411523419147,Tamil Nadu,Zaid,Sugarcane,4.113677848531553
138.16417112407242,53.75576538326205,62.44779833081635,6.436489911791989,112.46021816401931,42.38143798437859,6.79266025172022,Andhra Pradesh,Zaid,Rice,37.32941472721
108.11426770153204,76.95852848237351,64.26162409119802,7.312955010640582,231.8904215928178,22.98879969751996,7.095635711799225,Maharashtra,Zaid,Wheat,35.694547616515656
27.820195414784138,114.71142178376003,51.721550209981984,4.592092350341613,165.42804066110244,41.52610707890239,6.139073429086908,Karnataka,Zaid,Rice,12.10772414486764
0.7730963973043359,60.515989524977826,13.418637927272377,8.289679342137184,77.36675676219951,19.895340946171633,3.1977832027151174,Uttar Pradesh,Zaid,Wheat,37.59426132784572
114.16459998367678,92.0921380319023,8.574786946682762,9.108181004030985,265.79242188257143,25.62816849472029,2.7838529122642512,Maharashtra,Zaid,Sugarcane,45.933123713130875
98.9600281386664,125.73091922454432,202.5444779472063,4.908808700590042,266.28291938642815,16.36307291919199,6.016915998756761,Maharashtra,Zaid,Cotton,5.847433395833173
102.06100352573823,137.9328873120699,90.55462674717246,4.122144610881051,263.7619590128819,31.697613560506227,8.674346772755746,Andhra Pradesh,Rabi,Maize,12.01551360014536
107.9778485360324,25.590287330065312,81.86532943193633,3.653650809301187,86.862939186831,44.222301261467926,9.472663916341617,Karnataka,Zaid,Rice,37.63790930732212
10.36625124277265,134.72226752260923,140.92945653861398,7.672814752881229,146.34701637067667,30.329244553605008,1.1484674635972008,Tamil Nadu,Kharif,Sugarcane,14.088080338600374
50.18520199619817,73.89628103113535,48.65077757301283,7.446111234577074,295.79710371944503,21.23912111220131,1.6328032647174267,Uttar Pradesh,Rabi,Cotton,31.42086672704398
16.22166833351816,41.154214361854166,194.99223679004507,7.053533182641456,236.1634933667973,31.96924550164955,9.452888961952489,Karnataka,Zaid,Sugarcane,4.517629110953869
120.83447962258309,69.27900587335658,162.2690028831104,5.00765612475384,27.60687794315675,12.54806510321934,7.391698760514446,Uttar Pradesh,Kharif,Rice,22.884022715625168
87.2617377558581,142.2045605399668,22.8822004624519,6.0408889733858455,38.25728555293777,40.88038596981975,8.841638865814753,Maharashtra,Zaid,Maize,37.085025388651175
46.325723479370886,73.96653315900174,88.51615515698568,7.364096178710125,149.90078550745318,26.614106178853945,2.1060630779398974,Andhra Pradesh,Kharif,Sugarcane,34.482440180641
8.898169040043308,51.02522544025115,180.82366151243295,6.7289845825846015,274.58165764123686,24.625940455466758,5.9171001239830785,Andhra Pradesh,Kharif,Wheat,40.84606898345244
43.537525040192705,93.67611960434161,193.94640445828205,9.920605881396767,170.83650342675998,29.67699717278021,7.041281984732989,Tamil Nadu,Kharif,Cotton,43.93388026685686
45.525665083744585,38.62038662894703,98.48030224997395,4.386858391618765,159.38750224960125,31.11700292320789,6.833107665925029,Andhra Pradesh,Kharif,Sugarcane,38.772583312308534
102.14486496732897,15.620865935212949,127.68227784214154,8.01843960130936,49.532635987856565,10.655704830380982,4.140701739580311,Maharashtra,Rabi,Cotton,33.74359327547683
89.25804598972984,23.043161067490892,38.40678921841504,6.128071992677899,203.89842932280234,33.256837185265894,0.2524094277439539,Tamil Nadu,Rabi,Wheat,2.070263344893542
124.20978396068571,22.926417454088142,203.2337252273953,6.2832974970164965,250.18888496806312,16.951472171674595,5.870967962362204,Karnataka,Kharif,Maize,26.98085033376748
66.11008952267291,26.26637709172121,51.33434027668868,8.164385476778145,126.51760210211745,34.41624740274382,2.605705237878127,Andhra Pradesh,Zaid,Maize,2.3660373832852133
16.743194431362237,24.435804170917418,193.54635482702514,8.000834983608403,237.1713182590917,38.43378739221528,4.557517036814614,Tamil Nadu,Kharif,Wheat,40.49935694724312
99.8542702112193,94.72246427245004,134.9293297984737,9.943163959064224,290.0534630922273,37.74646477944325,9.580052049329792,Maharashtra,Rabi,Cotton,16.3758639607679
106.50990680636565,30.463211815880275,126.54735897577183,4.334562881451814,77.05460855575295,28.442535794091896,4.0504496446601035,Uttar Pradesh,Zaid,Sugarcane,28.340254018837086
78.57880765972948,53.39341966534085,107.53770220330172,4.176712720997081,166.53229673452756,27.246286015497795,8.414035905977824,Uttar Pradesh,Rabi,Wheat,14.33254271228568
107.93540519363854,130.55037738684166,51.13396234355174,8.208202311336818,100.39862826368115,13.286410569558234,1.9665519969175864,Maharashtra,Rabi,Rice,39.23375714682453
69.1313834910147,71.35462963680213,40.305606401101656,7.259514960541659,241.99923732947502,36.687807564916014,6.7573589304477855,Maharashtra,Zaid,Cotton,44.38187506877418
73.18259611347916,98.4580833929438,49.09724181403507,5.282044332638738,181.7261424467241,18.04214707652843,9.77236884894554,Uttar Pradesh,Kharif,Maize,20.232803463546666
59.855742570196945,29.124781968228177,42.287652428850905,4.016225898428413,197.68307691408506,26.377730644264023,1.1087416986420744,Tamil Nadu,Kharif,Wheat,43.21465847879396
3.5586777441733264,31.92046263321391,160.91689471335067,4.0567786223767985,243.41596469245033,18.518141438318118,0.18236742804920092,Uttar Pradesh,Kharif,Maize,13.720212869088453
15.104799779062624,10.72160627730704,75.02505183334603,9.31224068531677,130.87173234548737,12.951649430988645,4.392469647062882,Maharashtra,Kharif,Cotton,26.96571569223843
4.400085996142796,28.650908830103038,16.568535312679273,4.747137610671829,276.2252191539721,31.293634784994254,1.0169922822085353,Andhra Pradesh,Zaid,Maize,43.00869077701584
89.09745757692926,44.00264746447421,198.82052602816228,5.601915153750885,169.2480828289192,10.010285288447442,7.50900506179469,Karnataka,Zaid,Wheat,16.631126459481624
44.009837350685736,29.781467798744554,181.75717699268515,4.973266614475422,64.22735039389744,35.699873662669404,9.154031772100733,Andhra Pradesh,Zaid,Cotton,47.72509212136524
71.19989676305839,17.418354725987786,190.55045663904258,5.807475987907592,214.85175308726468,19.75071142466132,4.3968076298167125,Andhra Pradesh,Rabi,Rice,6.53303533817849
127.05930634965303,21.889021954084114,203.98156452928706,3.951254977849607,242.11317812271125,8.004983641165957,2.661245257338866,Maharashtra,Zaid,Wheat,1.4046159513135585
34.900912080842495,69.50902752458161,39.77904984389746,6.873888640903758,108.69326957890746,26.911778151777504,4.400592858165437,Uttar Pradesh,Kharif,Sugarcane,45.254699952620435
57.45360922498816,33.88672057681095,84.24840378053175,3.939481663349397,260.0101919596508,9.733520615521316,7.26213339671501,Tamil Nadu,Rabi,Wheat,3.8981089743196757
105.77715939602682,55.99778054673057,156.64769514081826,8.702317300845351,273.7201113344146,18.21827363937328,0.1896361996456727,Andhra Pradesh,Kharif,Cotton,49.598515199400836
32.03174316882715,75.47841791967997,144.20412361075844,5.019128532417815,97.5332564657865,34.1581300358615,5.935594495898502,Uttar Pradesh,Kharif,Wheat,47.59414466796575
10.77718737603102,101.65527600811114,35.77918126797101,7.010077444929319,295.38601236026216,10.319516000009036,6.171587680385053,Tamil Nadu,Zaid,Rice,7.282535046797873
40.56520340792753,10.503699577753851,168.16662499812355,9.220514069149479,59.399227853652356,39.055524217172085,6.413113644269761,Andhra Pradesh,Zaid,Rice,27.11043897178201
22.570980215560617,116.91745584726597,49.888114367332136,7.730702898806762,76.5643871526972,8.141337138367575,2.4960185918106848,Tamil Nadu,Kharif,Sugarcane,9.653554724623644
130.15767132796023,92.90605452872708,49.76352296452462,6.96422561258368,71.58295498664731,17.132483160470382,7.169121961443455,Uttar Pradesh,Kharif,Maize,21.693681064990933
113.13685313901837,16.446264472842067,112.39488457868272,5.608169395249941,270.3171188022037,35.41345007762664,1.0047757146845864,Karnataka,Rabi,Cotton,3.5405438983617175
88.67652591145928,127.30100737494881,123.58798696834063,5.6645124348782865,203.20191465098932,19.701995539984352,2.0727763310213283,Uttar Pradesh,Zaid,Cotton,11.584267095931182
122.00448262628048,133.92213607445385,121.01724156756224,7.851665208788236,62.5891993022364,11.7700183584425,8.78695346187937,Maharashtra,Rabi,Maize,18.482003421745528
112.51409076587602,13.550914379680925,23.297367479550974,9.96190584793759,143.29055714313773,21.328654995615832,7.413359192193007,Tamil Nadu,Rabi,Rice,22.213051262179714
26.119808244045018,43.76287074060852,180.49217252607608,7.801954734020961,192.28344701954455,18.004551596227444,0.236080984712318,Karnataka,Rabi,Rice,48.88606478134021
124.95825978859689,117.86817917102859,58.12000851774121,7.125592212905162,43.36994379702732,39.18034037994053,2.558924977661022,Tamil Nadu,Kharif,Wheat,40.48934946135707
75.5079138681911,109.75635665371217,30.902984256560835,8.2492283165551,267.07658315405484,19.593872950650294,2.2226241816323293,Tamil Nadu,Rabi,Sugarcane,37.001792243441336
113.04162172296876,30.832942709892826,182.74961597379544,6.523836479844168,245.00898992362985,37.190501455712266,2.7809826475660286,Andhra Pradesh,Rabi,Sugarcane,27.083545079727724
125.45278198928905,34.308905267139444,196.13029964595069,3.890925226905104,161.4578966014587,40.999269357997186,2.5508417257708755,Maharashtra,Kharif,Sugarcane,42.079889149915
44.52048649606094,56.86609439079348,177.42552345309014,7.154929303206414,290.79545227256773,24.051244524331594,0.7190103278541728,Tamil Nadu,Zaid,Wheat,17.2964803649577
15.407269433874745,72.83321792674299,166.90321494497562,9.724564349284972,136.97307419702793,41.667896322612506,4.643511114308521,Uttar Pradesh,Zaid,Sugarcane,35.59050608227915
31.910922755871837,91.55566801424143,136.04839612780435,4.639469125324788,295.5508893302194,21.960767996638136,7.354061400383035,Uttar Pradesh,Rabi,Maize,49.69230678121952
59.795090407675886,56.647909539768136,115.17147412182786,7.985031790334327,207.01759966501558,43.670901410134,6.10664407470262,Andhra Pradesh,Kharif,Wheat,16.07413099229234
114.52206722914903,69.7548602586407,22.39735198228203,4.806068976283867,197.70795651110362,11.303712407446199,6.761429519120989,Maharashtra,Zaid,Maize,33.86386797675638
120.50228165588808,109.64593133872592,86.69064261413975,6.982879949075029,66.46737068281979,33.41971286061998,0.9033768675087677,Maharashtra,Rabi,Wheat,42.29358577554293
0.9732982743666985,10.135648404683707,79.5377034024628,4.128396922703677,266.9397723253003,26.271119496906362,9.519758030750193,Uttar Pradesh,Rabi,Sugarcane,45.83247537585827
71.5046223608592,40.3411722081629,56.95075675206524,6.427411085678203,139.69711261777223,22.343005801858943,8.401069155045946,Karnataka,Kharif,Maize,36.03766820153504
58.43754044082906,104.86894202383735,149.684022737717,8.4150616378191,65.42535361909421,31.410339513698233,8.070394153107062,Andhra Pradesh,Rabi,Maize,14.538592209148245
31.095093465902234,130.32895727620792,104.17514701575416,5.759214907553384,23.530105593212532,34.04271239047026,8.247539669913499,Andhra Pradesh,Zaid,Maize,16.65096650266285
16.781151426715592,76.63484189619325,21.209243181529587,7.821926209166917,176.73159141874712,8.161440977061437,9.333834030514337,Uttar Pradesh,Kharif,Wheat,1.5275225901362284
47.266123996507915,79.49588793714419,49.036640389962265,8.67042474513324,167.67189419434936,14.177264283646352,5.488114264525607,Uttar Pradesh,Zaid,Cotton,38.163855894739726
132.0073585477527,20.00408158756865,141.65175273191917,9.526655826616443,221.4190142633644,34.382703873469794,2.0827919768894962,Karnataka,Zaid,Sugarcane,2.615610500066593
45.24841048290573,67.63773135528365,20.226171898060038,5.025173532060448,269.27225484498456,32.65626030239364,6.206157717740157,Karnataka,Zaid,Maize,43.300291552835915
72.63068704407125,79.56641730370325,175.24138280975373,6.0955534527605035,42.23384370004827,43.743757689761054,7.454526787312596,Maharashtra,Rabi,Cotton,6.373700416489671
98.42265424532489,38.94587050886215,104.02930540279486,4.490704086647713,224.81901729530145,36.15839823927897,7.405382194204852,Andhra Pradesh,Rabi,Sugarcane,9.00788735072825
50.908144333101156,42.69405233291334,101.1173154653296,9.951142764029438,72.47534434732302,43.17859018605951,5.2623453392521125,Andhra Pradesh,Zaid,Sugarcane,24.088060306195747
136.0494915809345,57.81978283464717,123.48155693190353,9.52550629150792,260.2895748840059,33.99399855678786,0.7777413214024228,Uttar Pradesh,Zaid,Maize,37.02508055085275
134.74262129189557,7.809967688881692,169.93619318502982,7.009721346823637,249.3377838812637,19.027931719659396,3.7740180904582656,Maharashtra,Kharif,Maize,7.380609157354345
35.24952141555098,50.09108318164496,74.56184158043861,8.973216413446739,171.42225139595243,11.89850212328169,9.215589423787238,Andhra Pradesh,Kharif,Wheat,22.283518215791673
69.61479082493396,34.60272097951625,140.6032305118127,6.886226852268274,218.86798361452722,36.92748294376261,5.886044206598518,Maharashtra,Rabi,Cotton,24.401138083300186
42.122963374347755,50.84962930490805,118.1463927991582,7.553306972017938,108.01803169144955,31.83352119460889,5.429486238231563,Maharashtra,Rabi,Cotton,11.00813926259527
39.87766921284547,21.76669845469517,58.40565403388426,4.079308808754108,151.9270117011881,9.78288245855196,2.7616497923837158,Uttar Pradesh,Kharif,Maize,6.220139645691271
5.164172629634591,129.67381930358528,180.7259972710316,8.409257733229252,250.05833135893207,21.321867238336196,3.747644307174131,Maharashtra,Zaid,Sugarcane,41.90283568778916
85.33900675718556,88.10294349756681,164.48520432138562,4.330137643629026,148.5942552084999,43.40159317291859,8.963926282616375,Karnataka,Rabi,Maize,25.372049663256895
70.3750632520406,100.07432468022854,136.6903669316851,8.869439596641435,120.1835142911237,26.514842391277444,6.6979841705156735,Karnataka,Zaid,Sugarcane,1.2118711812155722
7.20702517499851,115.48397340502736,175.11634581884837,8.58318256985751,158.37948523008396,24.01097803272907,7.8951315648480955,Tamil Nadu,Kharif,Sugarcane,40.24757441480064
39.0105049931256,74.78190785006802,178.45884019196046,8.106840535329347,251.90979068242115,24.93488539089388,4.598019688369786,Uttar Pradesh,Rabi,Maize,49.04929336802195
127.15722403533152,17.168840332239316,146.67259534300695,3.735042473410954,113.85825326384436,15.728660788191057,6.339447472615963,Tamil Nadu,Rabi,Rice,30.49334667300524
33.53866469337614,80.19491585459669,172.4026656727344,5.470334313644636,68.65324607800827,21.642165321997425,2.5589977265577546,Karnataka,Kharif,Cotton,25.4335651606615
20.285282092771233,87.15775652292308,144.49429233385672,5.210231704420479,219.3639256926186,21.683090471525535,7.084062219806514,Tamil Nadu,Rabi,Sugarcane,43.981585220725606
68.52338643885882,109.3615263858062,141.02815435206008,5.840886648564874,251.2738995582629,9.937135746936478,4.333253203663039,Uttar Pradesh,Kharif,Sugarcane,47.64958108938763
137.9910635754841,65.43233647215511,128.72227564303688,4.069677853964951,48.17849398658933,36.400002255162974,4.481200596665981,Uttar Pradesh,Rabi,Rice,37.849577337171795
33.88773801161006,22.861242391378926,155.54332791152825,9.590225849701909,87.16475157166452,23.410663980443523,6.5282910133111285,Maharashtra,Kharif,Wheat,22.54992002184725
94.098976636823,44.72862681182143,36.72102105861474,7.099714564630446,59.75215713307829,38.42065581220766,9.369178152542373,Andhra Pradesh,Rabi,Rice,29.814959266906303
106.62674614602047,55.831521495808914,181.17415183978568,5.4859080192771525,117.42359524300666,39.46287604143613,0.7336628314253472,Maharashtra,Zaid,Rice,35.19630056839096
33.26925615893595,95.42841378642417,179.3687055490464,6.080379860982842,146.09827409351556,15.843780023850348,8.264958049735375,Uttar Pradesh,Zaid,Sugarcane,10.11654176458917
101.95028880566034,84.90896265364766,10.84945660691183,6.406816513281432,229.67137434972582,32.32207884029476,2.994592793080712,Karnataka,Zaid,Cotton,22.63645109471368
51.48963858069545,54.853541625698476,170.16335011295254,7.403863166844012,202.32132376686874,25.474426754030322,4.49480259961314,Karnataka,Rabi,Rice,41.576152603505605
88.52281628310112,143.11213483101716,30.773973494689038,6.851916280027235,193.85999889396072,40.56579930309495,0.3169419548725887,Maharashtra,Rabi,Wheat,32.90890475067293
88.69415950652525,89.8084747099642,72.02377085182837,9.476047825893712,118.66498505070324,15.982405129528804,3.0803561705596993,Uttar Pradesh,Zaid,Maize,20.854601326986778
75.00845577046618,38.211750843039226,153.70165125832156,6.730262638887897,255.6053148637328,33.07908841147164,5.0760493020382915,Karnataka,Zaid,Rice,33.33644543372673
12.640567807617163,19.249546166856526,37.15197920966164,9.949027096351532,151.96040687148607,30.486828523350734,0.6561431657396463,Uttar Pradesh,Kharif,Rice,6.352009397586763
116.94234938249332,26.400279485806482,168.59340482381245,9.034262225343122,294.14938264424325,18.926154670157814,4.961847720893335,Karnataka,Kharif,Wheat,20.374131722961376
44.909209096043014,39.43408197383114,171.42683559154838,4.855318343322683,197.5597987228063,13.054233435093387,9.27839522569843,Uttar Pradesh,Kharif,Cotton,39.75986262917129
26.112591455979594,27.495392256337794,106.49354675216725,9.548868895185455,55.35412763806077,32.11067113765923,1.1433928592672717,Tamil Nadu,Zaid,Rice,11.415184963264077
5.708519817666948,31.119383367182806,6.277174343366716,4.2563815862555945,209.32971738112153,35.32810595089624,7.667963207947493,Uttar Pradesh,Zaid,Rice,9.705094624092176
82.72501204635385,44.913323617138595,62.407626634982556,8.813423105192745,111.02912432087571,19.67821171924395,4.155743428422327,Uttar Pradesh,Zaid,Cotton,47.56552366586336
94.85901065791954,29.272303341265676,128.38538367514843,5.97405140759777,212.17161507210727,31.85880634882561,6.586219773790947,Maharashtra,Kharif,Wheat,10.88993266451842
2.3222960498998613,130.54715944769953,201.2372356054847,9.206833082892953,39.49952148547361,22.61984358162562,2.6763423200537706,Tamil Nadu,Rabi,Rice,13.41546969268332
71.69302816189933,16.23272439262991,131.36270540333368,9.142368485698427,68.96680240926864,34.388654681456856,1.678973399159447,Andhra Pradesh,Zaid,Cotton,48.49598897576473
31.709408527711314,78.43159453983566,56.96071621283196,8.738515100764538,259.60643249362016,15.370965171079966,1.6885798812851418,Maharashtra,Rabi,Rice,36.86807422811877
90.32419065732299,62.455555778552615,131.80114061992225,8.6351978359959,83.61027596658417,40.93795509753845,0.7978702618671321,Andhra Pradesh,Rabi,Maize,35.13002838466465
24.411300060698803,142.5330063672049,112.9970759431711,5.4804144041372655,254.37151506802323,18.634155069226452,1.937902378522306,Karnataka,Rabi,Sugarcane,42.71985600080178
96.73128333434524,20.68544630352733,160.96907903022873,4.025975339833139,98.19730476723493,21.608081546977658,6.675771911390786,Andhra Pradesh,Kharif,Maize,6.233242570721316
54.14294848207524,60.69978386640383,26.396127765391682,6.119371161973549,200.00693481643813,10.149402226972942,8.828737057250729,Uttar Pradesh,Rabi,Rice,35.444833710710355
131.14219842314284,140.72586065855165,157.2055805004056,4.627909347412306,214.3621605827527,12.125951855887227,8.159844287352502,Andhra Pradesh,Zaid,Wheat,25.432586161747825
19.252932180439053,126.17099762515724,113.25331573522206,8.017182077866,163.54333088061483,27.08689040035614,6.882829667757393,Maharashtra,Kharif,Sugarcane,41.54295669406493
47.749289147036194,119.39008993289919,197.59840077179894,5.7496482224956065,105.48698947508475,17.900929038934947,1.1932754477699166,Maharashtra,Zaid,Maize,25.65301507392712
15.886292973682469,41.10639578629158,73.37443320773721,9.841466305589446,79.54042538390692,38.91276835246119,2.9629557183299036,Andhra Pradesh,Zaid,Cotton,31.20194703631115
129.4571065589988,28.924262234609216,131.52437862678963,7.666318502744658,29.293019277479342,8.543655380233293,3.167088065692443,Maharashtra,Kharif,Wheat,24.148235256777028
122.82750947333734,98.61005078942034,191.4056211020035,8.846123663623345,105.10499234740267,22.026479800861637,2.57457376933645,Maharashtra,Zaid,Maize,24.168866716014282
36.11182788012179,135.11263847786202,25.50194559813585,4.361410372822014,202.88558134875925,20.48178523045643,5.198556031126259,Andhra Pradesh,Zaid,Cotton,38.514513914060664
92.39776644478506,82.94680502195017,192.44569744729023,9.103094134772046,282.72534916557515,8.715122343951238,5.401982767308758,Tamil Nadu,Kharif,Rice,31.61403683204052
114.41110802817022,85.02577652578597,142.57714446016266,9.497921738337062,263.93725503365454,12.601630763018878,3.6331711541939913,Tamil Nadu,Zaid,Cotton,31.846528479665814
77.72811362392473,44.19707311243978,18.56741182103438,6.665902472323083,234.49813742988474,23.304778971989506,3.6025126714907167,Karnataka,Rabi,Maize,22.78898294966053
74.1510809698409,112.72901064687116,65.19271338936325,7.440644095381353,240.76525611092364,26.235989624555526,8.302700419270206,Maharashtra,Zaid,Maize,26.789920068707616
33.85932072606324,31.18612479805327,146.6344177290563,8.47126370586947,206.19577297327868,22.95872064843016,7.913999198364888,Andhra Pradesh,Rabi,Rice,37.41302447713697
13.03438749282589,50.31509309659411,18.47012029375434,4.636451077192682,92.88032011848084,27.64469410124747,3.147178733639382,Maharashtra,Zaid,Cotton,41.384075496039955
125.61020611346575,64.56110140629835,121.43409203525465,6.766679497012376,274.01460859763233,30.019871971510216,9.146505594345268,Uttar Pradesh,Kharif,Cotton,34.97978940613029
126.05852800286627,76.0654530158237,74.17661139059135,6.091309680520036,207.80504733363352,8.367181381729917,9.53286866832481,Maharashtra,Kharif,Rice,46.24161294786131
88.6342040182575,38.93736253811123,129.1831035534954,4.451430949054619,176.92337667452318,25.171520899779644,3.3347511660974045,Maharashtra,Zaid,Cotton,41.10604236328645
47.4641707468181,21.077155463488495,14.148406762502571,5.888973744894955,51.0770513797747,43.64947191284077,3.6088069930512434,Tamil Nadu,Kharif,Rice,28.312257595571165
48.889340445772525,90.48680594182856,179.30736123047527,3.9431200110057083,145.17555226579913,27.204194364793302,5.105778118877392,Andhra Pradesh,Zaid,Wheat,33.734600595864976
101.63379504183351,45.408277453635804,199.6977938354794,3.6677773951716652,148.90031593653936,33.06906389598127,9.417096044083367,Maharashtra,Kharif,Maize,46.3522597075992
125.5954363933608,86.37335099916572,198.7755710571383,4.378580879506348,262.0778106663476,19.538962742924678,8.775562388108884,Tamil Nadu,Rabi,Wheat,31.14881819003139
124.19209939711642,26.610780138388325,154.93036634858495,9.76024822532963,173.06150165258077,36.63768099165222,1.1154228295775392,Karnataka,Zaid,Sugarcane,41.32794392500162
109.18257642006733,72.35961425967444,31.017248026126396,7.07194198331761,126.5121537117147,36.598094829416254,3.988034358387021,Tamil Nadu,Rabi,Sugarcane,34.59611992770436
89.88443046160029,79.56252055722202,156.6526391858045,9.777844047495929,293.5040919829846,27.28795376320314,5.578374778522741,Tamil Nadu,Rabi,Sugarcane,27.820849872493092
11.779595099306837,12.255295155139766,9.917383291760302,6.311236209145858,51.001766131368385,44.112511461330904,5.081011478260246,Tamil Nadu,Zaid,Rice,12.47099067305998
22.628019973245927,52.12459894714888,9.42471030579945,5.526804865054187,138.3135599273445,12.645357946218175,2.0192443725752374,Maharashtra,Rabi,Cotton,21.586877213687192
125.7975863937911,23.818054771456396,69.72204382990824,6.789922108461587,31.76690904799348,8.627063600914497,8.602286034564731,Maharashtra,Zaid,Wheat,48.40326982926892
84.90006835234259,13.872495866187485,102.72863808093315,6.356825976113916,227.1731538147405,36.495853835012554,6.801713751668689,Karnataka,Rabi,Wheat,33.059386471993705
1.2875872263281507,143.59443253459233,159.08148356155863,4.1868204477013355,277.06143461576215,37.864754882500655,8.395292911032856,Uttar Pradesh,Zaid,Wheat,28.437571326779985
14.206016001244494,50.12953829646121,141.65907532130103,7.66537104548634,98.41045227413704,12.447667477461321,8.601766365559774,Uttar Pradesh,Zaid,Wheat,46.68135296364726
92.89024767512781,118.38242241964888,94.18054127534967,4.9042481863123975,260.3356695037538,17.826564819468423,7.508722951290824,Uttar Pradesh,Kharif,Sugarcane,29.532333161353712
0.7086217384706162,40.64969166692694,59.72533325633317,7.527321706835893,101.82110452933138,8.649437444565269,4.448184952372201,Karnataka,Zaid,Wheat,26.541084661661447
22.513127198449812,100.41038111135009,204.42490003154222,7.726307100587997,275.01564526029625,18.852418598880895,6.144412874652703,Uttar Pradesh,Zaid,Cotton,38.08588732993516
76.82273051132206,111.43190038455612,90.2362604471946,4.4881615453362125,231.1093330070995,36.60624933499085,1.6876175205854573,Uttar Pradesh,Rabi,Sugarcane,35.77694813983395
96.86532767697706,88.3894236850982,95.2774048659351,3.898772576219343,245.3738975156028,27.16453952536542,6.769089633001586,Tamil Nadu,Zaid,Wheat,10.06142041621742
91.27457633036407,71.02066639702217,37.72476423833383,8.574950309444858,25.04183556812726,20.87953694722666,1.8746072318188796,Maharashtra,Kharif,Rice,23.829759591419
31.39770332447837,62.657727980617594,163.96190974998586,6.488702754500581,289.58689998072725,21.75435391153422,6.970100946050552,Maharashtra,Rabi,Maize,23.88951441956947
99.70509098865502,53.84155731601934,143.73644515629772,3.8780646707855926,223.46787777969053,8.050084151472321,2.3730217914642897,Tamil Nadu,Rabi,Maize,19.222113504545565
33.21487224955201,135.13408019469563,49.15392255775208,9.966631061603486,105.33030670811733,19.09261951991373,1.2637578714871778,Tamil Nadu,Kharif,Maize,26.10602736653653
45.55595774229748,121.28671709028208,21.476209123168537,3.8755736464763832,252.23050616047715,31.918973440603427,1.7363164524152788,Tamil Nadu,Rabi,Sugarcane,20.948816187493637
104.50879671652338,140.10376749331175,141.0998604149426,8.017728987580597,98.82593555618038,44.04519442120521,0.11972213866879566,Maharashtra,Rabi,Wheat,10.367601728823566
90.94860586661005,22.401611287976262,135.90224285622705,9.893913014212188,264.3710750785158,39.34125059840429,7.2155222167499495,Uttar Pradesh,Rabi,Sugarcane,20.912141120096713
118.89127746918491,107.3214465285102,59.65190539964186,5.054670677403516,51.52250931534236,8.873013691884578,7.350770385677953,Tamil Nadu,Rabi,Cotton,4.0777089048722415
92.06580492204807,136.3676639549453,195.17271245008206,4.4246208964667755,217.0320736890228,41.24674237296905,5.197840164141269,Karnataka,Kharif,Rice,29.001400207333372
79.56320446696603,30.372629263192422,35.21157835618005,4.289002106245788,171.3955734605749,36.97834129204916,1.6974917304482988,Tamil Nadu,Kharif,Rice,42.755900172585044
13.114467495932946,14.30947743134885,91.46696020852038,5.471288459189371,47.02965165472342,36.87391657212628,0.9271879413558285,Andhra Pradesh,Rabi,Maize,36.40171067555048
51.48021242832069,108.75689090060827,193.72318403351977,4.156797771569203,87.73027191247492,24.945843083132146,0.2893767677291414,Tamil Nadu,Rabi,Maize,18.339504982678505
37.12833147544156,85.42623584518766,88.94546338522446,7.9990487210118575,23.473130157648143,22.726195839316603,1.7409069519556852,Maharashtra,Kharif,Maize,4.810024676076755
34.1585500730717,122.85602874615809,132.70518953281712,3.9048966878454077,151.25503033006163,19.207881966828126,8.919469796333154,Tamil Nadu,Kharif,Wheat,10.506395261650903
136.22147766534238,24.568132727680528,84.51887959255886,6.811243832973633,104.3542730128001,10.430709781311535,2.49121473284665,Andhra Pradesh,Kharif,Cotton,27.50177185449437
55.03368145334646,116.33742366038463,59.84304046973401,9.97852955004435,187.54009560337246,16.44470844926687,3.6072861394504354,Karnataka,Rabi,Cotton,10.749325627460127
124.88651772479587,33.22782480668423,201.79552959196565,8.790806751789123,103.22658615841281,17.12433449418691,1.1429202963651988,Uttar Pradesh,Rabi,Cotton,27.42666900860589
88.3594076396168,27.911832001198633,86.8668012630086,7.498926348501571,103.97735122195571,25.91085157927746,2.301376917006886,Tamil Nadu,Zaid,Cotton,11.964151725812997
111.27358249583078,27.997211710339013,183.8198407358269,5.490648535112976,228.09409564484895,35.65544304407768,5.240323250724031,Andhra Pradesh,Kharif,Maize,42.521731539065605
70.36919303472689,119.04046083239349,50.990921178217235,7.55532293589565,33.47999407393897,25.530963650724026,6.11675156264696,Andhra Pradesh,Rabi,Rice,20.164937905602756
80.76654384769027,98.12761089746802,47.62094080501666,6.925769515425736,272.8105986537564,10.140244629544942,2.5289879102454895,Karnataka,Kharif,Maize,12.654755984252308
68.95247713464094,78.22915946767671,11.226816576902273,6.2695419952874145,258.6338848295308,43.438222636563545,0.6715483763286604,Maharashtra,Rabi,Cotton,40.71014592222955
27.33401829172623,55.23626777729035,135.333365075177,4.349617448811297,206.98531130339381,42.88079980648215,3.9712254043612467,Tamil Nadu,Kharif,Maize,17.47052875786981
101.14329613661074,127.80807571383517,78.70526874475223,9.262927399063035,186.1020396300676,37.05201309649111,2.418613372170708,Andhra Pradesh,Rabi,Cotton,6.018640548019706
39.30813074171981,59.94231503916895,177.8716499679274,6.423600217338596,269.8446994791026,44.67913235787616,2.273583839975039,Karnataka,Zaid,Sugarcane,28.73526982448026
3.4042353004035375,119.3239215260208,99.64198133831144,4.765046326834973,71.89245026804005,28.145846313609727,9.602641746863206,Uttar Pradesh,Zaid,Rice,29.287428119680442
90.36612142700349,66.47888719983058,198.63868558294433,5.890435780702383,42.11136541343201,43.62242895936863,6.201374810664668,Andhra Pradesh,Kharif,Sugarcane,35.87743592416884
24.795495116986853,57.77222011948706,42.10510314062423,6.1918433914380255,87.06284757467067,10.797386502819778,5.613096587403749,Karnataka,Rabi,Wheat,12.390861943815086
131.664201809408,69.7751699937449,178.72463359112217,8.878996321184683,242.4819180360533,21.53018768567074,4.216173524880887,Maharashtra,Rabi,Maize,22.46668128506613
133.55000078036224,47.19290238297989,160.31937055834834,8.268493473649112,29.70767468341533,16.339106916250337,4.346548900958428,Maharashtra,Kharif,Wheat,14.477211992611483
128.0810146308628,109.66531322467516,159.1843689288104,8.50048180866871,183.1859138233771,15.245824112967991,5.454959537997,Andhra Pradesh,Rabi,Maize,4.507209937726562
51.82221803576221,75.38085461294708,173.95664562337754,3.571703218786207,298.7225045335668,13.209709109029015,6.994655089657462,Andhra Pradesh,Kharif,Sugarcane,43.89238443728664
2.16392631404144,37.50977732055442,157.20479818859977,6.20500098816845,259.594906274511,31.029304737941878,7.051246352200112,Tamil Nadu,Rabi,Cotton,36.579055322172884
129.96459876228155,130.9404402584396,130.24406432628308,6.628736985629604,166.00479293220505,36.90890866265029,1.799769686283951,Karnataka,Kharif,Cotton,15.422421443210634
59.94578076442401,58.7447709922496,31.248975536477516,3.6247497993498685,37.81945460025986,29.397040778553343,5.051116245558607,Andhra Pradesh,Rabi,Maize,30.16896314716332
135.33167466611374,81.0974005559584,11.505235898250383,5.188785856842722,252.78458402799876,13.437620254763758,4.17838514083761,Tamil Nadu,Kharif,Cotton,10.462557512656385
134.90679679249538,131.90609553503657,189.16956956313737,8.441883850293877,187.71398228961894,38.01157948753843,8.718216966066903,Tamil Nadu,Rabi,Sugarcane,44.56671277889066
119.42132376543042,92.39331942795889,128.3300629041476,4.391213087238494,52.181239176678716,31.530324165057955,6.351047320061926,Andhra Pradesh,Zaid,Cotton,6.18786399641456
41.222844889742,21.36572569917097,164.30745819523526,6.979515854441846,46.280039750539736,22.362131126698834,5.37179025751822,Maharashtra,Rabi,Sugarcane,0.6899387026361445
53.91368200426954,136.5764973058865,101.30447030251001,4.898812168112044,274.6955094422459,32.94282093483433,1.2424069575712822,Karnataka,Kharif,Wheat,25.349405788089516
119.15913401235997,92.8791274299985,28.461637792478896,3.578785035185306,207.37607362266198,17.616484231984813,6.095815104301773,Karnataka,Zaid,Sugarcane,29.36482726091703
44.36908072187887,51.88678605199206,30.037158440510087,5.06780947439702,252.20030380869156,20.77211171428579,1.260318666234311,Maharashtra,Rabi,Rice,29.158783354642317
23.72898453605295,24.498090172874218,142.11305744579428,9.84317940691535,266.1140920790349,41.946976195883636,3.4383450981009456,Andhra Pradesh,Zaid,Rice,3.1983404081724016
77.95217674416902,116.16352649784143,91.06117897989253,8.709991227239431,180.09625857353024,18.748666709842553,1.5141354516618857,Karnataka,Rabi,Rice,16.04516844246241
131.06166838250934,91.8101858299919,45.104945340067346,9.737248188086717,164.88497849141154,25.389565921843655,6.951529105541252,Andhra Pradesh,Zaid,Maize,25.210347868645925
97.44417153449622,79.68455287668502,103.31890934828738,6.671051285521356,140.51967488987725,40.93522208365254,2.1418959269779108,Andhra Pradesh,Kharif,Maize,11.220669688548423
79.8085638125111,130.14496162713408,17.84178741502682,4.213285291403773,108.7450445815134,34.18568995989852,3.9794077945614577,Tamil Nadu,Rabi,Maize,43.69498133155187
13.604709127907595,115.4036095714343,121.39428038287976,7.061736678329004,141.6868690404393,10.301519368094002,8.967180298425909,Maharashtra,Rabi,Sugarcane,4.811909828340985
86.10101173788377,26.234483162585164,58.798680887019536,6.453452674639745,236.6863036044438,13.450212638321903,2.122732195649806,Andhra Pradesh,Kharif,Maize,24.625529862766122
138.60753901459685,48.64108949137675,164.51182012743763,8.988321037807504,188.53856068423684,8.290138858560923,5.127270133191913,Uttar Pradesh,Zaid,Wheat,34.72509484690103
19.611762133113363,39.7884795740252,67.07239178471475,4.1375367750975895,269.90652118735693,31.344106238479046,4.250789445543617,Maharashtra,Kharif,Rice,13.45667945665688
72.56615133092315,109.15248096017477,96.04402981636024,6.6735673906415585,144.14640402617255,24.563916740185476,0.27942800635272436,Karnataka,Kharif,Sugarcane,31.399916481377147
122.83223006991376,9.694540863009113,7.324107981620127,4.475316320510897,189.98508204125113,12.968169483384195,7.948305324370846,Tamil Nadu,Zaid,Rice,41.55456493204754
103.70760648558863,84.78455588198432,19.489377558911777,5.61039352478539,196.76611486575683,43.44356247910051,0.7835544725145372,Karnataka,Kharif,Maize,9.921680267204854
97.58220373933752,111.74421600369668,83.49871128133697,8.292821003020698,185.67520544577116,27.597409785987935,4.795124707671841,Karnataka,Rabi,Sugarcane,45.90241929533071
98.3477717581953,127.74718914664493,100.9877669434247,6.594117840896983,216.73745646394457,16.9500518821769,5.6507151198956045,Maharashtra,Rabi,Cotton,27.90114736678672
50.32876117076572,52.89144482022704,125.00410962386074,5.943273853447501,86.48137114494575,26.52233213272418,6.321421920484412,Karnataka,Rabi,Wheat,15.311984212902498
41.10285819702907,119.9760226540818,63.33251574186065,6.064095810705229,163.46185771282137,33.14595231119899,6.917453130147968,Andhra Pradesh,Kharif,Maize,21.8274846314224
113.31056176699191,20.48844317372901,143.99637722530852,6.486403994638913,49.182944786337345,10.820851065021886,2.6073965968748793,Karnataka,Rabi,Maize,15.953498247426204
113.41587525508531,123.50332084283255,177.0244794378409,8.60260753494087,127.66317174054751,18.164041156772004,0.1987898889186488,Tamil Nadu,Rabi,Wheat,36.39300241669915
121.39012460121452,22.848412726477537,160.97019777866996,9.298550478111522,156.54677921395404,37.857723162707764,7.262092257313628,Tamil Nadu,Rabi,Wheat,39.916882839049045
127.85367735790598,60.62022067845142,12.923765069671429,9.709675462275534,202.6227926727323,25.007600204898466,5.403000333541028,Uttar Pradesh,Rabi,Cotton,41.73040091977372
71.58793584053129,116.6213512091375,101.1013894515658,8.614872010659418,286.148694724137,28.223354255194913,8.377565261751762,Tamil Nadu,Rabi,Maize,49.29552835449419
70.21228125620794,25.98843982882833,25.986035683634974,5.550144822362083,188.18229863353963,24.014192081750362,8.231744792716873,Karnataka,Rabi,Maize,39.66857247858584
111.76132505534852,37.09519533256981,53.40900317250549,7.972875589562524,228.20629652943674,9.62429787779119,8.448929061100044,Tamil Nadu,Kharif,Rice,30.268511499083885
90.99495030888713,106.11535957502927,202.3325186534293,6.344420306360048,161.75449665865676,14.13274185334577,4.902437133797448,Maharashtra,Rabi,Sugarcane,17.2914047703933
98.27536281607847,105.80511511645041,33.49910858030265,5.155359043299333,197.54912878537277,24.485040633449962,3.4029211187849704,Tamil Nadu,Rabi,Sugarcane,27.457474711182094
111.41097372105415,94.76066860394162,104.77763069027121,8.965665266268497,39.86102051745656,15.739862220093329,7.936426205654563,Andhra Pradesh,Zaid,Rice,2.5328745531250685
124.60074785445929,102.152782225394,128.63114686362383,3.7497712682551123,91.22964263571716,9.849224060408114,4.567811718989623,Maharashtra,Kharif,Sugarcane,37.368841238730695
47.31932195921501,80.98142206866346,145.4929941088208,9.361452948880252,121.31886609743884,39.21503756991748,1.9160777443940018,Uttar Pradesh,Kharif,Wheat,22.57479948205904
52.58161336959216,40.25186824697339,116.92973669738282,6.499603520060772,152.2981394018238,44.30412357907228,8.564242793658597,Andhra Pradesh,Kharif,Sugarcane,1.4911498717432872
13.15747157772166,53.39743909054872,6.954169483836732,7.641809599253823,32.78164874066745,37.34628633787936,8.837342780046239,Karnataka,Kharif,Sugarcane,3.594093604765335
80.95921973946436,30.423680352199593,70.29226164879837,7.785800494337588,59.206747314928954,39.590042103072676,4.716466585787684,Karnataka,Rabi,Rice,19.679589959176955
5.031918331543892,132.18307858670795,108.54232867694229,9.318265314592487,97.50800618156562,16.95315382173068,0.849427300366896,Karnataka,Rabi,Cotton,29.379365191412536
65.18372253854442,86.67485126725687,22.57329982896667,7.638352934086847,292.02915345229417,43.543198093988394,3.9394782901776195,Andhra Pradesh,Zaid,Sugarcane,23.47809547313027
75.97024885906073,61.119198346909585,75.12538624183615,7.490568300940401,112.77716198885422,15.28625106477685,8.055022828679773,Andhra Pradesh,Zaid,Sugarcane,31.150613705961664
40.115775297959814,69.68081251017857,11.640621758273312,3.9332382636444847,154.9714962713831,43.202902983387794,9.027562882607663,Andhra Pradesh,Kharif,Cotton,24.27456581017211
82.71665647966151,137.61966754565415,20.715699431004147,6.869652142643826,74.90735956675002,44.808313876740186,2.114380150726199,Maharashtra,Zaid,Rice,33.25434035132666
4.27003499146692,26.469196436251227,84.38465524031922,4.4760985053107705,191.0184199012151,34.3337438126038,0.763038759050188,Maharashtra,Zaid,Cotton,11.346740201204643
5.228746424890018,87.07217648235161,31.54315080861207,8.293319496689655,98.5913003444728,44.30231807629741,8.785769486015102,Karnataka,Kharif,Rice,6.0857377655892595
115.16407849235216,75.82441504382524,118.50816965231164,6.829442485282384,77.9579219627595,29.072971843982835,3.9551088958908656,Tamil Nadu,Kharif,Wheat,30.02348075397017
50.426689797576806,90.60359296085069,142.89299382745315,7.9214805648542965,164.64033596487414,17.603045977515343,5.463433546248877,Karnataka,Zaid,Rice,24.492131088347218
17.78847177126387,7.535425734917672,165.11733982181659,3.770873853915498,21.54162376491783,24.168847769627973,9.683851539302513,Uttar Pradesh,Rabi,Wheat,1.8299488752242972
73.1140564076726,127.09734725218121,45.03004884896202,4.051148104297721,22.145929141783093,29.96175460901508,0.7589908063508063,Maharashtra,Zaid,Wheat,19.333853331905274
107.79909743380551,135.49655954770574,38.49651645181395,8.156102022407435,81.33926654852019,10.704017794999555,6.518348273775746,Andhra Pradesh,Zaid,Rice,5.753216481804277
30.214943849558043,84.11864570248925,25.91356806688005,3.968548183991377,30.281981500229918,31.026700790838106,0.833643683491184,Maharashtra,Rabi,Maize,26.802163171758412
87.20466661466004,102.53111534276492,132.28604990872734,3.9631687304741807,50.247211156593586,44.3035799602049,3.817142391818354,Andhra Pradesh,Rabi,Rice,20.09099514319132
11.94864509912752,134.1499133648214,146.29514529738023,3.5787050890267684,114.88098181485044,15.033983041997923,8.057763997415123,Uttar Pradesh,Kharif,Sugarcane,30.851019599599386
7.235440963605077,104.0134088038758,11.317228965128407,9.717259088946621,244.72399028234761,37.32601930267018,4.3913751042807805,Uttar Pradesh,Kharif,Sugarcane,40.377309829126794
74.38964841954072,26.35546600799659,192.24244924873796,8.293804336483545,180.17362014340424,41.592255369845915,9.972105303639209,Maharashtra,Zaid,Maize,15.333599850153796
75.68891702541491,85.68037042335385,15.394256730294483,5.796134155263417,163.5469632677966,42.91695893434817,5.634686920971362,Andhra Pradesh,Rabi,Wheat,48.12405415616886
89.24018620974891,89.94010649359983,113.25926706021409,5.4274812783697595,102.17687049827406,43.525017363001545,3.2795053110959396,Uttar Pradesh,Kharif,Maize,27.013907779084935
101.65278672117262,64.37829398233404,146.8121038901833,5.773070993348022,280.8910414411886,27.29400663269446,2.2791021264570563,Karnataka,Zaid,Sugarcane,31.105394538362006
136.61929112475485,108.1021929874612,179.19382474921713,8.535247952677683,131.16421154641367,44.160392595685636,3.5701532894330024,Karnataka,Rabi,Maize,34.193282474673985
72.28204876216735,135.81138206766207,147.81738642648557,7.798908971957694,44.385974702816014,36.02047766397423,3.788079410219553,Andhra Pradesh,Zaid,Rice,33.503210727950695
45.213906211774436,134.57959180694868,165.34561661395836,4.703771191138541,192.77862451298435,13.981843140767591,0.7802654094672137,Maharashtra,Kharif,Maize,25.793051780730572
111.32606726761851,68.11751199657849,72.89003850856122,4.631710679671548,51.87475017344839,25.64530393931489,3.7587845743250545,Uttar Pradesh,Kharif,Wheat,21.723832410176833
37.91651517669039,20.853326417705738,167.96502274930245,4.139571723137083,116.66247998447378,34.57825348876415,4.695961345418326,Maharashtra,Rabi,Rice,3.162207226780206
61.455998898789055,142.87776785472684,21.02296927693503,7.791967678058698,162.07534284098648,17.151591685306084,7.255103747164166,Karnataka,Zaid,Cotton,1.593249342408397
10.983893387917234,122.44573210243078,183.96333121210552,8.468422304441283,264.7823069118492,31.70276179130883,6.601621898743919,Uttar Pradesh,Rabi,Sugarcane,18.21907912937185
3.5491040781640515,22.45277536845736,114.51847523074724,5.2228017841125265,158.19304249523321,32.66421772472491,7.116779986768627,Maharashtra,Kharif,Sugarcane,17.016214086367786
134.7707780549095,133.91786356643212,168.45955399249874,3.6361422467009334,216.632454488866,14.019890520916938,0.1828004505808853,Tamil Nadu,Kharif,Maize,19.690910164530834
117.03721687170882,126.78549068869796,95.46365690366002,4.034115838596778,297.9887149197397,28.908156560751983,2.254907255847307,Andhra Pradesh,Zaid,Rice,7.349225943965406
97.43638885311772,77.63732799765009,133.71553903930499,9.791090226492699,56.81695357143485,36.550195706208484,6.650674455158579,Andhra Pradesh,Zaid,Cotton,37.03932939157376
57.253412217997784,87.7785610042901,110.28053218722265,5.420391053603232,96.92482714546546,26.459139587829853,4.8914947449794965,Tamil Nadu,Zaid,Rice,42.91973853142383
24.261204809918407,60.860378541818235,151.31790435106637,8.499950460947868,130.48130116734097,8.447815320715975,0.15260340911662487,Karnataka,Rabi,Sugarcane,46.96637445101473
21.901185973952046,12.666629435084387,21.325996406117916,7.5603131975527145,138.11188999087278,8.334423355933811,8.064496960075042,Uttar Pradesh,Zaid,Rice,24.871934024221478
35.034005743043345,51.92761383042613,17.07041679811276,5.982607657743824,135.08590107435282,21.21008572689045,7.75081477557434,Andhra Pradesh,Zaid,Cotton,35.19285210670871
76.89173305885687,117.3994828037216,54.42064680202929,4.836967204271108,274.13108071583537,42.269180531975934,5.52934971363627,Tamil Nadu,Kharif,Maize,42.84978061007569
100.04342917800872,5.6484832206444,36.90893602263767,4.289011718036142,219.9291404507198,16.461040845333525,0.757986925185094,Tamil Nadu,Kharif,Wheat,21.205409999127554
92.42763274048238,51.68988403676018,179.35671331844034,7.497584292252633,190.21345994539706,31.471456488252425,7.6884989903725875,Karnataka,Zaid,Rice,15.815933346086997
39.190745572432,60.74361710273207,48.84279747160886,8.535119574145622,106.62436100157899,16.216807215652864,5.878764518540503,Karnataka,Zaid,Wheat,46.86786551474776
133.68113929284718,80.2353844113092,200.17305116382627,7.685377648017349,250.66130758196252,19.9017896174033,7.841403773863796,Maharashtra,Kharif,Sugarcane,26.02598927831512
103.30556833740759,133.77978629778647,72.37915835422137,6.946963866119529,287.4169432157969,39.377557315254904,7.54229522471882,Andhra Pradesh,Zaid,Maize,25.11406738624846
77.6095673515961,53.48843921123458,41.423583137739854,3.7726829523056358,249.93551911406342,34.96787336398803,8.049720512382589,Maharashtra,Rabi,Maize,9.33159677989304
85.64090447280931,53.573448265471875,162.93970142849582,9.795177054363496,20.438229453612415,11.529773260588794,5.228279857405785,Tamil Nadu,Rabi,Rice,5.853673221381159
58.74400873989059,108.25017473536477,136.74155510017522,8.691642245754736,198.19238365135396,23.861974776498045,1.4892127301157985,Uttar Pradesh,Rabi,Maize,42.184289692933824
34.68233853016204,68.310511724573,104.6391432906278,5.403343238556271,34.317906803788205,9.079281254874786,6.744458986458918,Uttar Pradesh,Zaid,Rice,30.899592221282145
49.83617501117662,36.44467521159747,116.07271018752624,9.86980714083253,92.13002169344212,25.792935424311334,6.242690472014509,Karnataka,Kharif,Rice,16.62831690896271
106.09845546501168,68.34153225857708,148.84035565445276,7.412230332636094,36.666916097376074,32.510058432939516,7.448306553270963,Uttar Pradesh,Zaid,Wheat,9.990942760818191
2.0150884081658216,24.71998285317198,50.690948266259745,7.2857472783471025,189.06272682582858,12.384597073131609,1.7818219599022798,Uttar Pradesh,Zaid,Maize,27.997115368396756
16.250169670968273,29.694178110871263,204.26678321134838,8.362475666291958,212.2451757779299,18.68874273963913,2.0302544790128634,Uttar Pradesh,Kharif,Rice,29.4040048184262
6.440369883045385,74.77148818352717,199.9586324293566,8.776503622585894,52.056538658453434,22.719955143579806,8.915054220471353,Tamil Nadu,Kharif,Wheat,10.74618326163038
5.7020323246558196,63.649562930636705,135.06513726938738,7.767110947654767,127.47488725259426,42.02264791227384,7.524780204675501,Uttar Pradesh,Kharif,Cotton,42.64458452062796
119.764481761541,133.078426149534,44.908490185829024,4.3326223513803,147.74622250755175,44.75043557064967,9.091462038133196,Uttar Pradesh,Rabi,Wheat,4.671086124714629
98.51210031320332,55.73514587632864,141.04564848625827,5.698738788964239,123.33484609305664,9.661718062837787,7.611281679522815,Uttar Pradesh,Zaid,Wheat,18.126607715737872
66.38433607222552,86.28236903892608,19.43968179583517,9.532543662119323,53.88700013585405,36.157293169329506,6.011837529303988,Maharashtra,Kharif,Rice,34.17902848124484
13.696782491140207,93.51700030873425,11.130500441161214,4.960001476985037,137.30538125249313,21.753790456886698,6.575914096575949,Tamil Nadu,Zaid,Sugarcane,14.068958009050434
68.82622251635652,6.8332239223667095,56.53657770224274,5.919085654943837,230.3298533863571,22.52095289049076,8.902366447006099,Karnataka,Rabi,Sugarcane,41.46992214167295
66.28604790927919,97.89523208233948,97.52459134786326,6.3084997391372735,39.88214606931153,35.907804013839836,5.830186869668211,Maharashtra,Rabi,Sugarcane,37.12345741671997
24.248261787402125,29.9250353617652,178.6545010816761,6.356132433013939,42.450403942932965,41.98177798938012,6.360674110851035,Andhra Pradesh,Kharif,Wheat,39.55663080513264
60.739230893316225,139.54984444572372,150.4338139532616,7.484107286214416,119.33596171407558,43.184357996594294,1.649119488435646,Tamil Nadu,Kharif,Rice,6.3957735258974555
55.79066281563228,25.812781885435815,153.5413042399962,9.6299929453406,283.683199253299,29.35353568341787,4.791820079149416,Tamil Nadu,Zaid,Maize,7.457082835779374
86.21901372731031,63.04737732178332,90.09866688961507,5.064502626911282,207.20034108241595,21.213482894118606,7.192331408385179,Andhra Pradesh,Kharif,Wheat,14.68045001835689
88.91311112147014,16.94895353101014,74.18699850939258,4.289758945955968,210.02758786831814,37.139316176774834,2.7823327133320177,Andhra Pradesh,Zaid,Wheat,26.144819677279273
6.3425613680862325,144.56239525843262,79.20775259692054,4.783558184089593,121.33759743460219,17.28705118070511,2.102316387192896,Andhra Pradesh,Kharif,Rice,37.52679579662042
52.44576604770597,75.30730144637396,202.52991274721157,9.265011851360253,186.22502153839076,28.87073906684016,3.2068854014217143,Karnataka,Zaid,Cotton,41.90827909266472
87.62038819999309,88.35390242480614,13.021838282496496,7.697770282258839,22.836731527768144,21.267403076420308,2.490856217129051,Uttar Pradesh,Zaid,Wheat,35.364598139880435
70.43907620121227,14.390706834379847,178.40629922448971,5.358394130054541,198.10689299467182,32.295349727191415,2.227635106660319,Tamil Nadu,Zaid,Cotton,46.465545635766595
119.90857776636511,109.9944658558849,120.73508171447868,8.803655103296013,275.72034532134626,16.894759777059754,4.3060233443940605,Uttar Pradesh,Zaid,Cotton,37.06780372598855
92.2171084266523,34.386783033382,92.7230838379181,9.098904976362334,191.52057113654936,15.088938992188552,9.087601287446988,Uttar Pradesh,Rabi,Sugarcane,15.660260406728428
22.810819791400156,130.7276005216999,150.0515320830273,9.002343201486807,264.6356061705766,41.974846206991174,5.119890502713311,Andhra Pradesh,Zaid,Rice,13.621523574759344
9.879624636060178,33.719549667481004,102.33378828494057,9.473022468657103,222.71245553050628,11.766736269132865,1.960411770071698,Karnataka,Kharif,Cotton,34.96152628990395
89.93869894888418,31.69628089291332,179.68464761633211,5.139566631126851,53.75635659303327,26.720442586192473,0.8620195268706533,Maharashtra,Rabi,Rice,10.047093150135906
3.711583475827054,10.116953498733283,185.1403728022517,8.407772536850809,272.6869260400357,16.17155296963133,6.99194583686546,Karnataka,Rabi,Sugarcane,5.08938313510836
82.00858137828486,71.0893723153999,89.34418537469108,6.49350673228191,38.604276419616966,9.440408643049695,3.88970776792024,Uttar Pradesh,Zaid,Rice,26.845032305381597
131.63223379949406,84.07775865676629,60.36555944701031,8.9729905937854,169.51089231337386,9.332696276782777,8.236126371195057,Karnataka,Rabi,Wheat,41.171257704058284
80.56638490262306,14.199209519969331,123.47006571867244,8.235189401550485,59.79839466216815,14.483205567915611,6.6291566095436245,Andhra Pradesh,Zaid,Cotton,5.518302202258245
54.34378966891307,113.57386633730148,187.4726691233382,8.54690840224821,23.277851004653137,40.07050311672201,7.982790360359548,Maharashtra,Kharif,Rice,39.6986205278886
90.06035058192944,68.46043686472387,47.132437801133314,7.765051944926965,138.1695928357389,18.451713527149984,2.792265790242643,Andhra Pradesh,Zaid,Maize,40.67281421540163
64.15540466881232,78.41463770586121,129.59331671269655,4.653287001553094,102.61139814316375,43.16698931128594,6.954353332364476,Maharashtra,Rabi,Rice,24.372563004036405
76.38635050423089,66.70678457135193,131.3120440185041,7.042674972830099,156.08013826332885,29.52002484060016,2.714213648467816,Uttar Pradesh,Kharif,Cotton,3.336860345519097
131.80507322871352,61.10682852254564,151.6226044830562,9.900353306909302,181.61596828567423,24.154725021444346,9.396777946557886,Maharashtra,Zaid,Sugarcane,9.142197636735727
54.0543692921084,83.3496463831505,31.31353702545196,9.593022432231272,32.24694024650526,29.46328688276982,6.400105387180406,Maharashtra,Kharif,Sugarcane,35.51760062051565
134.566678935348,26.73363443029975,148.16499293641772,3.780629282680576,54.44092263464878,27.117840253371906,3.312666821735887,Maharashtra,Kharif,Cotton,35.733008277052
126.74908987384893,30.46993826933796,186.8065041331282,4.5712963022413415,176.4198710061191,36.074721389021036,2.768167436693499,Karnataka,Rabi,Wheat,44.968586120799436
27.410758870501503,125.64998694189242,40.93662177404839,4.356237027454652,116.08685888834431,18.452354440995535,1.990173192209271,Karnataka,Kharif,Wheat,29.34296425445185
9.710582122523164,137.4561646987086,52.50866498477553,8.218869414904422,224.16857651384544,21.062864489211186,6.976945493047905,Uttar Pradesh,Rabi,Sugarcane,6.643314701831981
14.108920192839731,57.26330427916541,199.27901880832792,8.815604644070143,202.6416616057431,41.08148919373028,2.2652845686794802,Maharashtra,Kharif,Sugarcane,6.510037822496121
2.551055591216962,42.90425424009753,41.19539054189795,4.887823881019368,256.7692216371739,43.018890986565005,5.993502332682142,Tamil Nadu,Zaid,Cotton,36.19605168916277
13.222014505829975,95.1599360534622,175.8770186739158,6.788042504186889,213.8979914673831,41.02465441699956,2.719886766561038,Uttar Pradesh,Kharif,Wheat,9.597340922841108
95.62094827828996,62.2227839537335,103.45557128960695,8.9645696820728,140.3807016692415,23.519575776420602,6.653492553459299,Maharashtra,Zaid,Sugarcane,16.755082231021966
9.966410784432059,8.55408979244828,54.44621488063541,8.263210040980628,208.43065427044107,36.873523611254626,8.167903312551339,Maharashtra,Zaid,Wheat,24.61699434263474
44.656588241126585,26.86136363126665,179.14998025450228,7.024541835697014,97.10672879151718,25.624422132140655,7.8024499071320665,Karnataka,Kharif,Sugarcane,1.7258614400194845
118.28254353572363,105.23611203863565,94.0610510005331,7.337259987982024,105.76777965789955,26.408974529405782,7.632428176214739,Uttar Pradesh,Zaid,Rice,12.816541837486627
3.2580710030156212,97.24935186742118,107.96347078593804,6.804343554955819,240.91584477782214,15.573164035119508,1.9584518163532956,Maharashtra,Kharif,Maize,20.690535621110364
114.02558756245101,8.793438950487689,76.84667387995314,5.4340649335723334,144.997464592443,29.87182122056511,0.9750109751467352,Maharashtra,Kharif,Rice,14.341997765413709
39.45966846827599,36.076102670612926,123.59017028698548,7.172642953583605,243.5464953451387,14.887028216873873,7.019593402025118,Uttar Pradesh,Zaid,Sugarcane,7.250331209644509
16.543075867031874,37.35047152233,37.70477451700455,7.9777544633255895,250.27826462711795,20.26789386548617,3.746637416564078,Tamil Nadu,Zaid,Maize,36.53660676091177
97.54320315098109,99.06498410382198,83.21630733035214,9.176598953095251,260.1174545451595,39.6361174599376,4.380227641393138,Uttar Pradesh,Rabi,Maize,40.75080893081525
88.05199854918376,7.759475285610982,198.8824644670575,7.635893800865112,276.65786603553806,15.661804940801643,0.4083760186545715,Uttar Pradesh,Zaid,Sugarcane,13.24520931911438
122.84608189378741,19.575201477840338,56.626686540225506,8.447289990780526,140.67586174372295,10.632856551417014,2.6698068478229873,Tamil Nadu,Rabi,Sugarcane,38.83376498301202
102.90994613254401,116.98825195224651,136.34733290825844,4.540465627204725,109.28270912991887,10.553280926674203,0.4333963983571938,Uttar Pradesh,Zaid,Wheat,19.584901437865035
112.4873302538788,29.996252687606706,70.03801284493898,6.500123583728634,183.01564904635188,42.80902725861499,8.803939148752352,Maharashtra,Kharif,Sugarcane,25.580946647273137
39.48484015998291,96.38445509926245,159.69462513732012,3.5606555288761066,123.92827856253572,26.756056204587882,2.5096271638634517,Uttar Pradesh,Zaid,Cotton,42.87205320721107
24.841536129161195,38.345589346541715,31.174732143669964,5.10341261939055,188.30076670406524,23.148246657229677,5.6176379787727795,Tamil Nadu,Kharif,Sugarcane,37.62270724921919
105.08606522972016,18.92179498630832,198.96420901570895,8.222001148234531,217.5640415402709,38.00250749729298,0.4858952745451911,Andhra Pradesh,Kharif,Cotton,40.3532841401508
112.95686349741696,39.04410673992357,95.75790827672785,9.946764683770862,212.75340517779833,38.92555933268909,6.701789173926015,Uttar Pradesh,Kharif,Sugarcane,7.2738357460246625
138.67071988009425,106.11737045979228,52.21009266929279,4.144657647316904,124.87480836563398,20.29106822527737,3.2979707229655295,Karnataka,Rabi,Wheat,3.951111578769609
57.7664747675997,124.79750553488,19.69934946600253,6.109713053098374,66.72085647565079,33.663868126530424,8.989399950880891,Maharashtra,Zaid,Cotton,44.72353408985536
52.082532010989645,121.23078103937883,38.95158101750815,8.700461296544537,140.5482147694181,36.5315441865198,8.892370070446955,Maharashtra,Kharif,Rice,19.69779634376917
108.69781450387956,60.60569414658367,108.95478971120353,4.826231625087843,59.926360342934444,32.22207541404032,3.320377121781303,Karnataka,Kharif,Cotton,14.750044064449202
47.7124956354225,98.53191911989046,72.40063528625726,7.108052170464861,269.22716985146633,13.609017767603676,9.019512867335632,Karnataka,Rabi,Wheat,36.372464585960316
130.30602558449905,33.69780135821493,170.77667317652188,8.264963424192885,116.84568900660008,40.40767409013111,9.96196096763791,Uttar Pradesh,Zaid,Cotton,41.902572030702906
120.17778525802166,46.040682236541855,91.17750473236119,7.503905426691164,63.248729222530656,27.946498451232323,8.271615074827086,Karnataka,Zaid,Sugarcane,43.193236283965895
60.05916383250257,130.48701459295677,54.742854517525984,4.722160775000205,27.125372773610245,18.45147977569014,8.464226342776767,Andhra Pradesh,Rabi,Sugarcane,16.141858485698755
105.12194949080963,6.820269291503045,128.428997320806,5.809999696457306,200.83026816021558,23.733442861194675,2.5651864874799903,Tamil Nadu,Rabi,Wheat,42.68451336448286
105.63600237185553,16.971194319625532,146.35544337708916,8.594646599155082,198.3326488873281,9.390130344759573,5.8093537486917874,Karnataka,Zaid,Maize,2.5262302465300968
14.437341637030565,34.104075720443824,38.408381580189975,7.102472341858109,115.36916664276167,12.731071645229449,0.7658335482769417,Karnataka,Rabi,Sugarcane,2.9582438272560845
126.35740693513934,8.71450854233476,38.52384325766353,3.533992488028933,40.07932887734228,36.32522976908685,1.0396875745345302,Andhra Pradesh,Zaid,Rice,31.364200161120646
70.7353321427,30.400960912571623,12.334285386708594,8.44643994018261,134.69609057066498,8.000430485948547,9.989036859129577,Maharashtra,Zaid,Wheat,3.6237652712195385
115.70404525508383,86.6258185357569,152.2804030131281,3.729523807111554,107.1408986177502,23.412935653844812,3.3337285693165186,Maharashtra,Kharif,Cotton,16.568153841252997
44.806944144285644,63.99943708294971,137.76090552436102,8.347269587753008,209.59377912580263,27.33287670016677,7.507020729283579,Uttar Pradesh,Kharif,Cotton,33.80142131922274
125.37325198946806,129.97403955077647,99.92617514996277,4.816123641074043,189.6181898467533,10.021473540035975,8.085984024965484,Andhra Pradesh,Zaid,Rice,17.194711354684202
54.48823502278284,119.44209864338173,173.83408979383944,9.727477620775971,122.0862438953112,44.00389202997631,8.594430382971568,Tamil Nadu,Zaid,Sugarcane,9.390189181284748
1.5172712072417704,52.85442923770263,166.13403059001064,5.891614883463549,81.00991519139723,16.366637256237862,9.97652014428135,Tamil Nadu,Zaid,Wheat,14.42685578176516
126.75347669869691,41.31928068038095,122.07087287935043,5.625055506197514,296.6500705235657,19.25535262654239,2.490815204042992,Andhra Pradesh,Zaid,Rice,23.149978946396374
12.780134750058698,58.156937143417366,178.65425610265171,4.4677723271608905,147.12045393491218,19.245872953436013,0.4994731859110271,Tamil Nadu,Zaid,Sugarcane,24.03159984009638
44.70390926265808,87.64129195207309,46.16824200735365,5.486427400686397,212.71678601846637,16.525416498341947,4.170796028146401,Maharashtra,Zaid,Wheat,39.258511451686495
133.0086753871127,42.52890971520267,27.383923879545577,9.198229951883302,59.354830921941016,8.054531417193523,1.3877986313065749,Tamil Nadu,Rabi,Cotton,37.63258485685987
133.08500057125786,92.38084709887876,58.949922303397926,9.976173194577107,155.96511590463138,34.985757381255866,0.3220163027043457,Tamil Nadu,Zaid,Wheat,23.11248132552869
80.28130433726005,62.31763130677366,16.41737121786297,5.894011948294514,27.710281563450337,43.77328349257356,3.6682255887007127,Andhra Pradesh,Rabi,Maize,42.36053378038918
88.4572097037719,82.28660531927723,111.2339056002064,6.415969101204526,161.52743301492598,16.298858881546668,7.859008685644841,Andhra Pradesh,Rabi,Wheat,6.154738360274094
62.78237307696477,66.05771407894434,192.3211384589923,8.19346109831779,289.92487399295663,32.532746096726626,5.705188843128202,Tamil Nadu,Zaid,Maize,13.139990836330623
41.049508037729034,46.22520633586847,12.86870813370193,9.260272573022984,127.57787963602406,35.45016409747246,3.1965020931825054,Karnataka,Zaid,Wheat,41.48483494336145
46.01303635178824,137.78346297470193,29.42198280200536,7.354788172214096,30.918883520975243,39.39173902634941,6.577985854377925,Andhra Pradesh,Rabi,Maize,19.21070491199458
94.15258385078538,111.90481118236652,95.43980565668706,6.044917038155891,28.66762145741619,23.637280289503536,2.3969799850572264,Uttar Pradesh,Rabi,Cotton,49.068487160295184
105.3324341212752,24.615844607303355,191.77500350558097,6.182041965516055,128.63629278512346,19.208443508695883,0.24237631611364174,Uttar Pradesh,Zaid,Sugarcane,23.579537435627852
110.8210661216188,126.5855166257078,68.2312209953501,8.021517952229246,64.80698220969433,20.03591995885215,7.667098525720631,Maharashtra,Zaid,Maize,39.700813336706325
110.54653999123755,73.24036775493191,106.44696173767849,3.5209187134278115,26.538586971892055,34.366989324644976,6.27505654015369,Tamil Nadu,Rabi,Maize,20.41419854842741
12.768854426816652,130.23731176517282,13.31457181007842,7.527330693488964,231.7398119060495,38.220840260708535,7.646795982559504,Karnataka,Rabi,Cotton,21.535199193590305
69.21884265836141,116.97973583262413,34.66864019241777,5.810704567868823,148.38644248692938,14.719716806994299,0.48548636520788957,Maharashtra,Rabi,Maize,19.452715790567083
8.058226402330199,64.52989062569267,202.32602459176937,8.662282653301048,100.98853615234327,21.724817301837312,8.387484315523457,Tamil Nadu,Kharif,Rice,36.09424321528518
76.93404352532298,8.145703164816435,198.0237392872091,4.104439158850359,272.0232912446146,41.37178727971855,6.233309380359403,Andhra Pradesh,Rabi,Cotton,27.602135260969725
61.81427019227278,42.614830313892455,5.987996186881923,7.323314735164539,52.51890885614717,37.84766022870535,5.677613972055137,Uttar Pradesh,Kharif,Rice,47.21701651273427
124.27858558616197,80.82879005252137,195.36235708464778,6.626323784259805,287.6572721074894,44.4397609022116,6.283679076333862,Karnataka,Zaid,Cotton,12.919070668438186
49.12810175729101,93.68695077566062,132.82398756310008,7.6751159183839786,107.91068086565879,35.907185608236986,8.657889143996805,Uttar Pradesh,Zaid,Maize,5.477855238130496
16.38938229986482,41.10427596064832,178.58365890400444,3.9215483641392943,268.75302824643074,22.54822243803312,5.91067141493318,Andhra Pradesh,Rabi,Rice,19.966443512411153
20.01883548739702,24.50985037019538,95.94797112677182,7.269894618282853,188.82400541424923,29.853599857801598,5.8514087608929755,Tamil Nadu,Zaid,Maize,31.027279028515412
106.61148844044611,121.89023315190188,108.11920571585004,7.149649821736904,251.47806072761648,32.45752740715085,9.90772365495108,Andhra Pradesh,Zaid,Cotton,43.10954737731701
86.55052886427654,142.8163052984973,102.76931605138404,7.144290613705111,295.52368569893,10.902865203733587,7.591628653978823,Andhra Pradesh,Zaid,Maize,17.63674589067622
14.157174657190634,78.59662552237602,138.37285150922088,7.422669832876956,100.7535225892488,28.146387486843008,4.478708673966239,Uttar Pradesh,Zaid,Rice,32.86244418066085
11.774952856099642,29.03510001876249,32.93025095126258,7.897041591971354,289.117935914126,34.24487065348656,7.1032303003259845,Karnataka,Kharif,Rice,17.834834710649343
98.1356784042768,43.12302571271165,10.99471797453559,8.732428497925003,129.0549305726777,14.190888248039233,3.953381669748706,Andhra Pradesh,Kharif,Maize,31.052369358225675
10.186820890987093,7.574694716645343,66.58598831823818,5.253834680833393,127.94333332633825,36.88337354474561,2.36586707858664,Uttar Pradesh,Rabi,Wheat,44.29799337801722
115.06040830064987,133.00183291846986,145.93615254732933,8.862821166170402,115.3083891912616,29.59959287902213,6.008833581188818,Karnataka,Rabi,Cotton,11.952203291840746
98.87391180190947,21.48515160461976,45.370690424589675,6.738661934712448,171.59413005732387,43.232206070811,9.28900277132812,Tamil Nadu,Rabi,Cotton,20.509961284298438
11.388829289865967,85.7123065719955,139.68648666498348,4.000878814373152,63.16061208997639,9.569625033654994,9.298481248153081,Tamil Nadu,Zaid,Maize,49.66662722327246
11.877279971926868,43.36773089620884,198.98240922145408,3.8805810400858647,175.03921590024314,17.81706708955228,3.4848622532443545,Maharashtra,Zaid,Wheat,43.49357289834831
138.12954099016457,82.58492035221107,23.78014315788368,5.672549071524395,171.6773474748011,30.25749353409349,5.32400691559478,Uttar Pradesh,Kharif,Rice,28.449672965861996
52.397911405856846,96.19885436926099,139.52042364502526,8.601830351224539,233.3325075293636,18.972716751619437,2.195195395841626,Karnataka,Kharif,Sugarcane,26.07306579678663
51.88990058936473,121.16385251900823,93.75004386091423,8.099926075815953,253.42198934252394,34.433694070635966,9.956747984038946,Andhra Pradesh,Rabi,Sugarcane,14.58771892408171
113.79193941605035,33.898978046484444,178.62845087550107,8.625997270370643,143.32357808747872,36.08319545331145,9.813067287892563,Tamil Nadu,Kharif,Maize,26.101866670829704
132.61480083374022,6.539416012187267,40.42995788947718,6.862248866870461,104.65330981841825,11.793090670459556,6.530138404103728,Karnataka,Kharif,Wheat,42.48498416485739
138.04014893520193,24.16398820963302,143.5251904452329,6.3612934867106885,92.61377124878645,27.012615175650406,8.063699190806986,Uttar Pradesh,Kharif,Wheat,34.41613840725014
105.47294593625183,131.00260985873473,172.62305792962204,4.458441423590846,74.49467427736414,26.828950556869067,7.17949159670863,Maharashtra,Kharif,Cotton,14.857179394810336
52.67634197432821,127.34461085875213,193.92284389480466,5.633252898460525,36.14132301572697,21.66338849797502,5.972266368490735,Tamil Nadu,Kharif,Rice,10.472464092149881
11.690100337813627,88.63783430384316,141.64960565792916,6.3211258801301895,115.88543407371974,42.51821991507787,0.6281451701900872,Karnataka,Rabi,Wheat,13.627822581343041
108.80056822984115,89.07236046071148,104.43495280168545,4.075902792917512,95.6693537966193,38.61773383530918,4.6021669912713445,Karnataka,Rabi,Sugarcane,8.903080468944912
78.1765949630127,98.10513443647577,128.56944804024278,4.933977692622873,290.59686804259405,33.796747130656556,6.780384391457364,Karnataka,Kharif,Rice,5.234214453173939
59.39108129457668,29.55197900728294,178.78099689574364,7.3884644114143025,176.1584713500123,34.43008552219491,6.807562977448478,Uttar Pradesh,Rabi,Rice,21.24724063488172
126.88961391326303,133.01767242949438,119.12194932776593,8.281810242554734,117.23757092854211,25.083497321085407,3.7939139223815976,Uttar Pradesh,Zaid,Maize,6.108330417714251
15.567647522861188,63.62787348489024,11.077411939367373,9.989258824054172,182.53092827823488,42.07679728057331,9.422750667914503,Uttar Pradesh,Kharif,Wheat,9.009671607491665
68.96751460072028,58.639393954929645,191.18973910139556,9.565236653733125,58.97507637679474,33.70003080837156,1.756834619144132,Andhra Pradesh,Zaid,Maize,27.592571874804563
1.5895102674386696,77.64847873959725,142.90535020631222,7.676673796978745,144.33224977661683,34.97229928126521,5.05355851753405,Karnataka,Rabi,Wheat,8.647664048128949
65.61248987917767,11.575235348507707,140.30267715544932,6.238112346411468,195.34560999789787,39.882563440131776,6.9397513678531455,Tamil Nadu,Rabi,Cotton,3.662048487829691
7.882458595457229,28.279671625851115,48.13503047954343,7.6351528706035126,156.89139290188638,18.140648805661066,7.001644478328911,Uttar Pradesh,Zaid,Maize,16.21074807638032
16.63450827753007,108.32470629969187,136.77709404653143,8.606735517521507,132.49806418321077,37.86162344306801,6.521525672011274,Uttar Pradesh,Rabi,Maize,11.405795381787392
16.453674548794684,16.591813509517706,83.77288113083169,4.269185241002018,298.2775488919155,15.223902309390205,2.825353313173416,Karnataka,Kharif,Sugarcane,26.00760680572165
90.8894422962489,89.44129532529435,135.24659540829842,6.164381783025874,266.48813340169954,20.77765223306085,1.6464450299975577,Uttar Pradesh,Zaid,Maize,5.567170686868861
104.44628309715927,39.34887535538493,26.318606061598146,8.958714856631513,194.55366828464324,20.41758680798418,6.395809235584437,Andhra Pradesh,Kharif,Wheat,37.712653990307416
81.67162711360234,59.501385965876715,136.5690609206072,5.9949141875647864,179.42566113103916,44.2054423303982,6.0330909497804335,Andhra Pradesh,Zaid,Sugarcane,45.35855921203936
134.70415678643587,45.41712314789798,204.88274515413332,7.217169762976713,193.78493435088353,39.69187727867329,1.8756245018634858,Uttar Pradesh,Rabi,Maize,37.30004111083162
52.481881133318566,54.79418030509288,14.642407772111206,7.320500845604288,76.36739019028131,33.943284878839606,7.080877541148577,Karnataka,Zaid,Maize,26.874938351369014
39.9996920794605,105.66642672579437,200.43483684426346,4.699095645368656,130.63856811400922,34.901100179769436,4.606202718163198,Karnataka,Zaid,Cotton,43.10305717854981
121.60387794652443,46.5970401872445,86.38159214457413,5.854530370739875,31.04866920945181,28.79669339289513,6.7108298568712135,Karnataka,Kharif,Maize,34.89845979918462
31.303417392723368,84.29664964156561,179.15069006745182,5.674323376822559,153.15289049631147,43.042354683015205,8.389934089724491,Maharashtra,Rabi,Rice,1.0222805612843977
134.8511555216856,71.64705630787395,161.4770968116547,3.6702786054584213,172.0468835081457,26.36157385664738,1.7803114429115394,Uttar Pradesh,Kharif,Sugarcane,20.007462562337903
1.7016264565742878,97.91396315077074,118.40325219733356,3.657246465293809,83.76992610889869,22.079155265186095,0.2895341931686831,Karnataka,Rabi,Rice,42.6221190206366
135.78303573906948,136.1561635054661,152.6898418502653,8.906030783892527,289.92807720634386,14.032307466468868,7.813115605318289,Andhra Pradesh,Kharif,Sugarcane,17.620013469775827
6.042387673080656,107.56009360943504,180.7031122602696,5.274960264823281,274.64729106242777,37.089609133659145,6.136004509010897,Tamil Nadu,Zaid,Cotton,2.2431510895134132
124.76003591772995,35.09165300270595,85.8280643302066,6.8675119805523,222.20010592765365,35.174425486796885,7.026431739259005,Tamil Nadu,Kharif,Maize,37.43589210833748
73.87815527208198,9.365638908579854,70.40663231264774,5.441716228327024,169.34825605430152,22.22113642539299,8.397734252387561,Karnataka,Rabi,Maize,40.200894379001994
139.01507145670206,41.71696620197551,138.51867711271694,9.614415093249713,263.5913647013518,8.932156316491486,8.047828254762555,Tamil Nadu,Rabi,Maize,8.449387904643775
10.331519062955842,88.31091029803568,166.56918838825172,5.185428932627529,56.582656270569615,39.042901125566395,9.613109454595364,Tamil Nadu,Zaid,Sugarcane,27.09835459373747
77.5395998161849,12.19961388779505,157.45702695532316,6.292769282803079,241.3427423969678,8.422465387800724,5.40575728063597,Maharashtra,Rabi,Maize,10.001794230288425
135.70235498667387,74.49127460817309,164.5627297717269,9.172746628149913,54.949827910717524,34.036891846274884,4.936106763333063,Andhra Pradesh,Kharif,Rice,36.102103742685266
73.23369818382083,88.55799884836449,92.1166629625866,8.972568184146755,242.37898551383353,43.89951305986411,4.078683278918228,Andhra Pradesh,Zaid,Maize,13.94174753128554
88.11580933893676,51.79414471437452,168.5668432350043,4.709659216000802,97.21491911037995,24.19346914148353,1.621541324157625,Maharashtra,Rabi,Cotton,16.15264856688484
97.40481645784641,112.92770852441507,29.04181107412169,8.717181513672116,265.5853626850929,16.694015984850253,5.768811605532022,Maharashtra,Rabi,Rice,42.32605725518502
63.63574906748825,19.92375543872805,113.89781959216991,6.478214763796302,284.3317862711114,34.08022737160512,2.84242399082719,Tamil Nadu,Kharif,Maize,24.077956434241763
87.85813121176888,15.519289443013227,6.151732099624314,6.639297668554809,61.66287143343238,38.23374125457665,9.220944370908457,Uttar Pradesh,Kharif,Maize,33.65284533530327
81.80400366923404,106.94642586850446,69.91716598005407,4.367619820703634,149.54916941831019,28.21792169488035,5.873588962343266,Tamil Nadu,Zaid,Wheat,20.417466010762148
126.16212146873846,74.36878426886778,78.29230697427957,4.02390983942131,294.6764658855518,43.780305184477406,5.9691177870302905,Maharashtra,Rabi,Sugarcane,15.251339431090893
6.362493247804101,101.37633549988304,84.23453832185108,8.231605495329473,155.35408207248105,9.911742701344561,3.6137541426823994,Andhra Pradesh,Kharif,Rice,31.461163991020737
39.334846542912246,65.87582740452447,144.09344133797242,6.726997490309449,261.79330630407264,26.677437137267543,0.6146945845793041,Tamil Nadu,Zaid,Wheat,8.165449916901654
133.05760777071822,39.49628465347495,82.71162025406915,6.339529566998667,184.84482619676956,34.58279605093435,0.4142632771925874,Uttar Pradesh,Rabi,Cotton,18.963491860559717
124.63692974472828,119.67432447438796,94.73872452450613,8.241803486240578,125.09237421748853,39.91769743251962,4.2910179271166555,Tamil Nadu,Rabi,Sugarcane,10.847333350603153
63.79194538999981,116.9182230556571,52.50882617486549,8.475833843442214,100.01939554724366,14.632457640588232,0.9371972431626547,Karnataka,Zaid,Rice,34.9418508635669
86.81856369221514,102.25750591961975,79.65035832586801,4.532903089850798,76.90246550410444,37.60012882525621,6.107784859847377,Tamil Nadu,Zaid,Maize,47.238337498132324
38.833365617358574,43.100319212194776,50.453925452630294,7.466463471604668,233.30349358575523,28.450161801586177,8.821632755832608,Maharashtra,Kharif,Rice,49.77779291678539
26.336962361326584,87.6322933616722,19.639184753688728,4.379801534804956,128.2313419104478,22.67248623362864,8.84085668353535,Andhra Pradesh,Rabi,Maize,22.78870211685874
64.9177766915975,55.53634557160375,125.68971867627558,8.383938059188797,163.15712941621032,12.873456057426463,6.6245495603091005,Andhra Pradesh,Rabi,Sugarcane,13.000254287004001
49.469311923647396,17.82149026572878,138.64255971100326,7.770208515736407,157.85113440033095,40.01594307962976,2.1911951315820173,Maharashtra,Rabi,Maize,22.420053834024046
81.7118556591221,133.423900564714,128.8980692019229,9.717995037042478,181.63812818527674,13.81910870264947,8.643668630452833,Karnataka,Zaid,Cotton,42.43983579315483
10.882849175097878,24.154608328654597,97.69880876011447,3.948227106316738,262.36160077487466,19.462150790736672,8.872325009600761,Maharashtra,Kharif,Maize,10.697281088325974
136.4152730732633,138.03322953491235,80.95715603584597,3.8708556874831532,294.6070162033602,18.731684682610165,2.046870491034291,Tamil Nadu,Rabi,Cotton,47.628734756819725
138.0695042271444,67.4408082141138,177.66672991436505,5.334215985505801,134.12357840066875,40.24231926506161,7.400518249129704,Maharashtra,Zaid,Sugarcane,17.422355555508474
